{"__symbolic":"module","version":4,"metadata":{"OAuth2Interceptor":{"__symbolic":"class","extends":{"__symbolic":"reference","name":"ɵa"},"decorators":[{"__symbolic":"call","expression":{"__symbolic":"reference","module":"@angular/core","name":"Injectable","line":6,"character":1}}],"members":{"__ctor__":[{"__symbolic":"constructor","parameters":[{"__symbolic":"reference","name":"IOAuth2Options"},{"__symbolic":"reference","module":"@angular/common/http","name":"HttpClient","line":12,"character":55}]}],"_authorize":[{"__symbolic":"method"}],"refreshAccessToken":[{"__symbolic":"method"}],"makeRequest":[{"__symbolic":"method"}],"handle401":[{"__symbolic":"method"}],"handle401RetryStrategy":[{"__symbolic":"method"}],"intercept":[{"__symbolic":"method"}],"ensureAccessTokenLifetime":[{"__symbolic":"method"}]}},"DcOauthModule":{"__symbolic":"class","decorators":[{"__symbolic":"call","expression":{"__symbolic":"reference","module":"@angular/core","name":"NgModule","line":4,"character":1},"arguments":[{"declarations":[],"imports":[],"exports":[],"providers":[{"provide":{"__symbolic":"reference","module":"@angular/common/http","name":"HTTP_INTERCEPTORS","line":11,"character":15},"useClass":{"__symbolic":"reference","name":"OAuth2Interceptor"},"multi":true},{"__symbolic":"reference","name":"OAuth2Interceptor"}]}]}],"members":{}},"ɵa":{"__symbolic":"class","members":{"__ctor__":[{"__symbolic":"constructor","parameters":[{"__symbolic":"reference","name":"IOAuth2Options"}]}],"removeAccessToken":[{"__symbolic":"method"}],"removeRefreshToken":[{"__symbolic":"method"}],"removeAccessTokenExpiry":[{"__symbolic":"method"}],"removeState":[{"__symbolic":"method"}],"clearStorage":[{"__symbolic":"method"}],"param":[{"__symbolic":"method"}],"error":[{"__symbolic":"method"}],"newAccessToken":[{"__symbolic":"method"}]}},"IOAuth2Options":{"__symbolic":"class","members":{}}},"origins":{"OAuth2Interceptor":"./lib/oauth2interceptor","DcOauthModule":"./lib/dc-oauth.module","ɵa":"./lib/callback","IOAuth2Options":"./lib/callback"},"importAs":"@deltacredit/dc-oauth"}