{"__symbolic":"module","version":4,"metadata":{"B2BServicesModule":{"__symbolic":"class","decorators":[{"__symbolic":"call","expression":{"__symbolic":"reference","module":"@angular/core","name":"NgModule","line":2,"character":1},"arguments":[{"imports":[],"exports":[],"providers":[],"entryComponents":[],"declarations":[]}]}],"members":{}},"CacheServiceBase":{"__symbolic":"class","decorators":[{"__symbolic":"call","expression":{"__symbolic":"reference","module":"@angular/core","name":"Injectable","line":4,"character":1}}],"members":{"putItem":[{"__symbolic":"method"}],"getItem":[{"__symbolic":"method"}],"get":[{"__symbolic":"method"}],"clear":[{"__symbolic":"method"}],"remove":[{"__symbolic":"method"}]}}},"origins":{"B2BServicesModule":"./lib/b2b-services.module","CacheServiceBase":"./lib/cache-service-base/cache-service-base.service"},"importAs":"@deltacredit/b2b-services"}